{
  "label": "codefeedback",
  "dataset": "m-a-p/CodeFeedback-Filtered-Instruction",
  "kind": "Multi-lang (NL instruction)",
  "config": {
    "num_experts": 256,
    "top_k": 8,
    "sparse_layers": 39,
    "seq_len": 1024
  },
  "corpus": {
    "docs": 300,
    "total_tokens": 50164
  },
  "global": {
    "experts_ever_used": 256,
    "global_coverage": 1.0,
    "mean_coverage_per_layer": 0.9980969551282052,
    "mean_gini_per_layer": 0.5191855734225395,
    "mean_effective_experts": 150.70272918765417,
    "mean_normalized_entropy": 0.901740888605797,
    "global_top_experts": [
      70,
      63,
      160,
      2,
      200,
      235,
      159,
      205,
      143,
      8,
      47,
      0,
      222,
      117,
      251
    ],
    "global_top_loads": [
      139372.0,
      139235.0,
      109840.0,
      109476.0,
      95428.0,
      95274.0,
      93809.0,
      91631.0,
      90333.0,
      88367.0,
      88229.0,
      86992.0,
      86862.0,
      86460.0,
      83465.0
    ],
    "global_expert_load": [
      86992.0,
      62343.0,
      109476.0,
      72186.0,
      69285.0,
      81469.0,
      74533.0,
      72133.0,
      88367.0,
      57627.0,
      71241.0,
      59184.0,
      40154.0,
      49190.0,
      64514.0,
      66176.0,
      52149.0,
      80886.0,
      59085.0,
      67375.0,
      52205.0,
      57133.0,
      54135.0,
      81474.0,
      31971.0,
      59799.0,
      62469.0,
      43380.0,
      52407.0,
      68902.0,
      57791.0,
      62294.0,
      61962.0,
      57811.0,
      47226.0,
      56547.0,
      59899.0,
      56130.0,
      49219.0,
      79416.0,
      52652.0,
      48174.0,
      68442.0,
      55505.0,
      56414.0,
      71736.0,
      67640.0,
      88229.0,
      69789.0,
      46029.0,
      44210.0,
      56977.0,
      52328.0,
      62094.0,
      61702.0,
      43647.0,
      48559.0,
      44988.0,
      50446.0,
      43869.0,
      54680.0,
      77141.0,
      50662.0,
      139235.0,
      65065.0,
      65260.0,
      57395.0,
      68542.0,
      58995.0,
      47750.0,
      139372.0,
      62742.0,
      64943.0,
      68245.0,
      65319.0,
      61353.0,
      61932.0,
      44855.0,
      46173.0,
      71947.0,
      60965.0,
      53221.0,
      61288.0,
      55963.0,
      65001.0,
      58593.0,
      46932.0,
      72318.0,
      71077.0,
      66977.0,
      44140.0,
      63359.0,
      47227.0,
      54537.0,
      49621.0,
      52142.0,
      51211.0,
      70055.0,
      53594.0,
      52207.0,
      56357.0,
      51287.0,
      45612.0,
      78081.0,
      55910.0,
      57976.0,
      55404.0,
      81891.0,
      44728.0,
      50888.0,
      68001.0,
      64073.0,
      61141.0,
      58568.0,
      77050.0,
      61948.0,
      76962.0,
      86460.0,
      51186.0,
      63445.0,
      72470.0,
      69913.0,
      53546.0,
      65692.0,
      59579.0,
      69232.0,
      52550.0,
      56494.0,
      62626.0,
      77251.0,
      62052.0,
      42668.0,
      73211.0,
      58395.0,
      48629.0,
      62114.0,
      74509.0,
      50406.0,
      44614.0,
      71702.0,
      54694.0,
      46816.0,
      57513.0,
      90333.0,
      63243.0,
      59350.0,
      72421.0,
      36991.0,
      44779.0,
      48489.0,
      56089.0,
      60500.0,
      60873.0,
      62420.0,
      62524.0,
      62878.0,
      43374.0,
      49540.0,
      54469.0,
      93809.0,
      109840.0,
      45910.0,
      49320.0,
      60495.0,
      71242.0,
      48221.0,
      69485.0,
      68260.0,
      62627.0,
      61937.0,
      69979.0,
      57868.0,
      48728.0,
      60171.0,
      46767.0,
      45362.0,
      52831.0,
      64078.0,
      49847.0,
      59797.0,
      39416.0,
      63916.0,
      47221.0,
      73156.0,
      47000.0,
      70451.0,
      58094.0,
      60878.0,
      55374.0,
      50861.0,
      59162.0,
      59558.0,
      61135.0,
      76536.0,
      49239.0,
      54736.0,
      52202.0,
      78123.0,
      53350.0,
      55117.0,
      95428.0,
      58438.0,
      57547.0,
      65777.0,
      46954.0,
      91631.0,
      74547.0,
      51824.0,
      71709.0,
      52821.0,
      65015.0,
      42699.0,
      81718.0,
      55169.0,
      50305.0,
      56872.0,
      61880.0,
      64103.0,
      66103.0,
      58565.0,
      52536.0,
      46784.0,
      86862.0,
      44758.0,
      65537.0,
      65748.0,
      70628.0,
      37545.0,
      57392.0,
      57473.0,
      53209.0,
      56844.0,
      45647.0,
      54022.0,
      44660.0,
      95274.0,
      55720.0,
      64106.0,
      77227.0,
      55218.0,
      60757.0,
      59356.0,
      50719.0,
      68902.0,
      51983.0,
      48473.0,
      62570.0,
      73934.0,
      51135.0,
      51756.0,
      58241.0,
      83465.0,
      74055.0,
      56918.0,
      61941.0,
      64653.0
    ]
  },
  "per_layer": {
    "1": {
      "experts_used": 256,
      "coverage": 1.0,
      "max_expert_share": 0.05317807591101188,
      "gini_load": 0.40819078267034126,
      "normalized_entropy": 0.9425645165606628,
      "effective_experts": 186.17507551301625,
      "top5_experts": [
        17,
        87,
        201,
        102,
        95
      ],
      "dead_experts": 0
    },
    "2": {
      "experts_used": 256,
      "coverage": 1.0,
      "max_expert_share": 0.01867624192648114,
      "gini_load": 0.3576215715577904,
      "normalized_entropy": 0.9612199370753424,
      "effective_experts": 206.4658687536722,
      "top5_experts": [
        94,
        103,
        168,
        120,
        100
      ],
      "dead_experts": 0
    },
    "3": {
      "experts_used": 256,
      "coverage": 1.0,
      "max_expert_share": 0.04242833506099992,
      "gini_load": 0.3640677523036939,
      "normalized_entropy": 0.9548914730218616,
      "effective_experts": 199.3461295176451,
      "top5_experts": [
        114,
        113,
        76,
        109,
        241
      ],
      "dead_experts": 0
    },
    "4": {
      "experts_used": 256,
      "coverage": 1.0,
      "max_expert_share": 0.06098496930069373,
      "gini_load": 0.4511839642534985,
      "normalized_entropy": 0.915814474597473,
      "effective_experts": 160.50960224719165,
      "top5_experts": [
        47,
        67,
        42,
        22,
        2
      ],
      "dead_experts": 0
    },
    "5": {
      "experts_used": 256,
      "coverage": 1.0,
      "max_expert_share": 0.03679680647476278,
      "gini_load": 0.4202292651976517,
      "normalized_entropy": 0.9393715614914541,
      "effective_experts": 182.907762325694,
      "top5_experts": [
        177,
        7,
        144,
        139,
        237
      ],
      "dead_experts": 0
    },
    "6": {
      "experts_used": 256,
      "coverage": 1.0,
      "max_expert_share": 0.08714665895861574,
      "gini_load": 0.4960697661669723,
      "normalized_entropy": 0.9045538728542485,
      "effective_experts": 150.7935575837379,
      "top5_experts": [
        0,
        112,
        43,
        38,
        241
      ],
      "dead_experts": 0
    },
    "7": {
      "experts_used": 256,
      "coverage": 1.0,
      "max_expert_share": 0.04661211227174866,
      "gini_load": 0.5053131198419185,
      "normalized_entropy": 0.9142884283479468,
      "effective_experts": 159.15706910592763,
      "top5_experts": [
        70,
        29,
        117,
        73,
        218
      ],
      "dead_experts": 0
    },
    "8": {
      "experts_used": 256,
      "coverage": 1.0,
      "max_expert_share": 0.04899928235387928,
      "gini_load": 0.5273874737735229,
      "normalized_entropy": 0.9006597820410588,
      "effective_experts": 147.5723122996176,
      "top5_experts": [
        3,
        6,
        70,
        255,
        19
      ],
      "dead_experts": 0
    },
    "9": {
      "experts_used": 256,
      "coverage": 1.0,
      "max_expert_share": 0.025416633442309225,
      "gini_load": 0.4118995553958018,