{
  "label": "cuda_kernels",
  "dataset": "andrew-wang/cuda_kernels",
  "kind": "CUDA C++ (kernel source)",
  "config": {
    "num_experts": 256,
    "top_k": 8,
    "sparse_layers": 39,
    "seq_len": 1024
  },
  "corpus": {
    "docs": 137,
    "total_tokens": 75709
  },
  "global": {
    "experts_ever_used": 256,
    "global_coverage": 1.0,
    "mean_coverage_per_layer": 0.9499198717948718,
    "mean_gini_per_layer": 0.6825552036754429,
    "mean_effective_experts": 100.01920626454037,
    "mean_normalized_entropy": 0.825445443923214,
    "global_top_experts": [
      66,
      198,
      173,
      21,
      178,
      163,
      167,
      166,
      157,
      176,
      74,
      84,
      189,
      65,
      97
    ],
    "global_top_loads": [
      226187.0,
      207421.0,
      195833.0,
      195345.0,
      177749.0,
      172530.0,
      172416.0,
      168771.0,
      158062.0,
      153370.0,
      150293.0,
      149788.0,
      149742.0,
      149132.0,
      148558.0
    ],
    "global_expert_load": [
      120718.0,
      51651.0,
      86624.0,
      111470.0,
      131301.0,
      94227.0,
      89391.0,
      84919.0,
      50611.0,
      81000.0,
      75358.0,
      111612.0,
      45500.0,
      86000.0,
      127564.0,
      73303.0,
      108243.0,
      80941.0,
      85800.0,
      87043.0,
      99071.0,
      195345.0,
      132497.0,
      129351.0,
      69651.0,
      103506.0,
      99225.0,
      86047.0,
      97549.0,
      115656.0,
      69693.0,
      106268.0,
      67135.0,
      100410.0,
      76128.0,
      103974.0,
      96488.0,
      64764.0,
      66851.0,
      103097.0,
      95940.0,
      138314.0,
      63487.0,
      92111.0,
      82123.0,
      125009.0,
      138566.0,
      98771.0,
      56335.0,
      52898.0,
      80891.0,
      82253.0,
      76404.0,
      87813.0,
      76107.0,
      83098.0,
      143764.0,
      148454.0,
      147931.0,
      125420.0,
      87956.0,
      99477.0,
      124984.0,
      115520.0,
      65960.0,
      149132.0,
      226187.0,
      54281.0,
      70893.0,
      91833.0,
      72350.0,
      86206.0,
      132454.0,
      76519.0,
      150293.0,
      90130.0,
      84015.0,
      66063.0,
      86015.0,
      120046.0,
      67005.0,
      57313.0,
      74177.0,
      68420.0,
      149788.0,
      78348.0,
      108920.0,
      81094.0,
      71371.0,
      96230.0,
      69600.0,
      89010.0,
      118341.0,
      126786.0,
      77616.0,
      127936.0,
      67035.0,
      148558.0,
      51971.0,
      102020.0,
      65424.0,
      75065.0,
      61716.0,
      76970.0,
      71948.0,
      57287.0,
      71589.0,
      64789.0,
      122668.0,
      67502.0,
      76114.0,
      117145.0,
      95722.0,
      63035.0,
      129103.0,
      84590.0,
      140505.0,
      126231.0,
      55742.0,
      121542.0,
      116436.0,
      90714.0,
      148075.0,
      139304.0,
      97773.0,
      103412.0,
      40094.0,
      54640.0,
      80874.0,
      77469.0,
      93169.0,
      88741.0,
      111739.0,
      57763.0,
      74203.0,
      66315.0,
      82889.0,
      59404.0,
      96497.0,
      92151.0,
      86190.0,
      57151.0,
      80832.0,
      80881.0,
      71886.0,
      86160.0,
      66181.0,
      48461.0,
      59004.0,
      70935.0,
      122337.0,
      111406.0,
      66527.0,
      96833.0,
      90084.0,
      109003.0,
      120890.0,
      158062.0,
      97891.0,
      89527.0,
      70980.0,
      43828.0,
      108194.0,
      172530.0,
      52305.0,
      77127.0,
      168771.0,
      172416.0,
      60071.0,
      53884.0,
      141741.0,
      79765.0,
      71704.0,
      195833.0,
      94322.0,
      48526.0,
      153370.0,
      69573.0,
      177749.0,
      83563.0,
      93686.0,
      58874.0,
      59750.0,
      63315.0,
      102305.0,
      64706.0,
      88951.0,
      97900.0,
      55479.0,
      149742.0,
      100044.0,
      83866.0,
      68429.0,
      92073.0,
      73500.0,
      55506.0,
      98632.0,
      79853.0,
      207421.0,
      100942.0,
      56873.0,
      106921.0,
      65763.0,
      76252.0,
      82669.0,
      108203.0,
      103619.0,
      82170.0,
      89306.0,
      81775.0,
      90948.0,
      77065.0,
      65280.0,
      77061.0,
      54313.0,
      105923.0,
      76488.0,
      67467.0,
      101587.0,
      106549.0,
      76514.0,
      74427.0,
      144804.0,
      80085.0,
      81542.0,
      65985.0,
      77750.0,
      91989.0,
      78192.0,
      92436.0,
      88132.0,
      66449.0,
      51658.0,
      143009.0,
      80111.0,
      116456.0,
      77666.0,
      89332.0,
      76394.0,
      116659.0,
      67612.0,
      86292.0,
      67726.0,
      67746.0,
      55904.0,
      57554.0,
      88297.0,
      146397.0,
      83171.0,
      89694.0,
      72139.0,
      136848.0,
      71356.0,
      88865.0,
      87621.0,
      86824.0
    ]
  },
  "per_layer": {
    "1": {
      "experts_used": 256,
      "coverage": 1.0,
      "max_expert_share": 0.04075968511009259,
      "gini_load": 0.47094175457178145,
      "normalized_entropy": 0.9269242548082842,
      "effective_experts": 170.70884943747097,
      "top5_experts": [
        62,
        168,
        50,
        165,
        33
      ],
      "dead_experts": 0
    },
    "2": {
      "experts_used": 254,
      "coverage": 0.9921875,
      "max_expert_share": 0.03232607748088074,
      "gini_load": 0.5391616280140076,
      "normalized_entropy": 0.9055070386234546,
      "effective_experts": 151.59268292728063,
      "top5_experts": [
        10,
        0,
        38,
        176,
        97
      ],
      "dead_experts": 2
    },
    "3": {
      "experts_used": 256,
      "coverage": 1.0,
      "max_expert_share": 0.042135016972883015,
      "gini_load": 0.4790414226883528,
      "normalized_entropy": 0.9231786118906898,
      "effective_experts": 167.19975174690845,
      "top5_experts": [
        179,
        92,
        66,
        184,
        213
      ],
      "dead_experts": 0
    },
    "4": {
      "experts_used": 251,
      "coverage": 0.98046875,
      "max_expert_share": 0.10333976145504498,
      "gini_load": 0.6172200310151369,
      "normalized_entropy": 0.8396760576314843,
      "effective_experts": 105.23045298402003,
      "top5_experts": [
        95,
        167,
        132,
        86,
        175
      ],
      "dead_experts": 5
    },
    "5": {
      "experts_used": 249,
      "coverage": 0.97265625,
      "max_expert_share": 0.06395210609042518,
      "gini_load": 0.5651199205180362,
      "normalized_entropy": 0.8862611076530055,
      "effective_experts": 136.24777512836383,
      "top5_experts": [
        205,
        223,
        131,
        176,
        129
      ],
      "dead_experts": 7
    },
    "6": {
      "experts_used": 252,
      "coverage": 0.984375,
      "max_expert_share": 0.10618948870015454,
      "gini_load": 0.6352305785969964,
      "normalized_entropy": 0.8380552699815125,
      "effective_experts": 104.28892583893008,
      "top5_experts": [
        66,
        198,
        251,
        71,
        22
      ],
      "dead_experts": 4
    },
    "7": {
      "experts_used": 251,
      "coverage": 0.98046875,
      "max_expert_share": 0.11144811052847085,
      "gini_load": 0.6735737974720641,
      "normalized_entropy": 0.810011295669017,
      "effective_experts": 89.26918597970378,
      "top5_experts": [
        57,
        61,
        84,
        196,
        82
      ],
      "dead_experts": 5
    },
    "8": {
      "experts_used": 252,
      "coverage": 0.984375,
      "max_expert_share": 0.09941354396438996,
      "gini_load": 0.6480493593273257,
      "normalized_entropy": 0.8371601534754336,
      "effective_experts": 103.77256199378122,
      "top5_experts": [
        21,
        176,
        108,
        84,
        162
      ],
      "dead_experts": 4
    },
    "9": {
      "experts_used": 256,