{
  "label": "kernelbook",
  "dataset": "GPUMODE/KernelBook",
  "kind": "Triton anchor (PyTorch module source)",
  "config": {
    "num_experts": 256,
    "top_k": 8,
    "sparse_layers": 39,
    "seq_len": 1024
  },
  "corpus": {
    "docs": 300,
    "total_tokens": 108815
  },
  "global": {
    "experts_ever_used": 256,
    "global_coverage": 1.0,
    "mean_coverage_per_layer": 0.9849759615384616,
    "mean_gini_per_layer": 0.6457294601565143,
    "mean_effective_experts": 108.1983542980119,
    "mean_normalized_entropy": 0.8403625288448989,
    "global_top_experts": [
      66,
      173,
      21,
      93,
      176,
      189,
      247,
      198,
      79,
      58,
      111,
      41,
      222,
      157,
      114
    ],
    "global_top_loads": [
      330131.0,
      293217.0,
      277593.0,
      273473.0,
      271115.0,
      260188.0,
      245982.0,
      243363.0,
      242656.0,
      234898.0,
      224973.0,
      221940.0,
      221850.0,
      220102.0,
      219791.0
    ],
    "global_expert_load": [
      122011.0,
      98889.0,
      114502.0,
      99468.0,
      218258.0,
      133667.0,
      124837.0,
      98315.0,
      92254.0,
      121146.0,
      117497.0,
      170705.0,
      74017.0,
      124721.0,
      135560.0,
      148350.0,
      136687.0,
      111561.0,
      139951.0,
      145079.0,
      124353.0,
      277593.0,
      132611.0,
      177743.0,
      97626.0,
      109692.0,
      115339.0,
      112786.0,
      117754.0,
      170555.0,
      75472.0,
      181373.0,
      108934.0,
      140848.0,
      118696.0,
      125345.0,
      140068.0,
      89675.0,
      115420.0,
      131043.0,
      141307.0,
      221940.0,
      87032.0,
      129165.0,
      93307.0,
      207912.0,
      211076.0,
      156035.0,
      93143.0,
      80574.0,
      147187.0,
      124219.0,
      121704.0,
      119842.0,
      107263.0,
      99809.0,
      217607.0,
      179799.0,
      234898.0,
      147841.0,
      113187.0,
      102602.0,
      216797.0,
      148820.0,
      100743.0,
      126350.0,
      330131.0,
      88564.0,
      101777.0,
      143495.0,
      110605.0,
      84826.0,
      217849.0,
      121214.0,
      205407.0,
      125716.0,
      111039.0,
      97099.0,
      119502.0,
      242656.0,
      97292.0,
      97530.0,
      133786.0,
      101858.0,
      203987.0,
      128720.0,
      120686.0,
      160178.0,
      84336.0,
      114021.0,
      96029.0,
      137559.0,
      184218.0,
      273473.0,
      104763.0,
      202612.0,
      83362.0,
      210639.0,
      83929.0,
      108563.0,
      97008.0,
      98674.0,
      93081.0,
      100876.0,
      89541.0,
      110096.0,
      95320.0,
      134157.0,
      143890.0,
      108262.0,
      140576.0,
      224973.0,
      114125.0,
      81882.0,
      219791.0,
      122001.0,
      137366.0,
      214857.0,
      96715.0,
      158764.0,
      191517.0,
      128190.0,
      165284.0,
      218449.0,
      145676.0,
      141555.0,
      75266.0,
      88997.0,
      148787.0,
      157961.0,
      133827.0,
      118091.0,
      192475.0,
      75973.0,
      118058.0,
      103929.0,
      171110.0,
      104351.0,
      202799.0,
      147362.0,
      120146.0,
      111586.0,
      114145.0,
      111900.0,
      113174.0,
      110680.0,
      102280.0,
      77853.0,
      98318.0,
      104091.0,
      170855.0,
      208965.0,
      109820.0,
      138758.0,
      122271.0,
      114723.0,
      70150.0,
      220102.0,
      119170.0,
      153621.0,
      112781.0,
      70725.0,
      141592.0,
      96520.0,
      91215.0,
      118827.0,
      191838.0,
      147277.0,
      84935.0,
      89517.0,
      215363.0,
      122290.0,
      161408.0,
      293217.0,
      141479.0,
      60204.0,
      271115.0,
      92354.0,
      198046.0,
      111759.0,
      110021.0,
      88194.0,
      72705.0,
      89584.0,
      126434.0,
      101256.0,
      178826.0,
      148901.0,
      101888.0,
      260188.0,
      115322.0,
      152728.0,
      98948.0,
      144959.0,
      108732.0,
      103159.0,
      127106.0,
      110259.0,
      243363.0,
      110337.0,
      101340.0,
      184933.0,
      95648.0,
      91651.0,
      154454.0,
      187096.0,
      145875.0,
      144816.0,
      125892.0,
      135940.0,
      122163.0,
      103714.0,
      106623.0,
      109311.0,
      79879.0,
      163589.0,
      88123.0,
      106359.0,
      140350.0,
      106871.0,
      98442.0,
      111381.0,
      221850.0,
      114558.0,
      130603.0,
      76252.0,
      70718.0,
      129817.0,
      100861.0,
      160943.0,
      109753.0,
      138808.0,
      56897.0,
      145919.0,
      100987.0,
      103922.0,
      95360.0,
      117825.0,
      118987.0,
      118161.0,
      147855.0,
      120338.0,
      112463.0,
      123727.0,
      98613.0,
      104967.0,
      156942.0,
      245982.0,
      104948.0,
      117516.0,
      141919.0,
      142978.0,
      92625.0,
      129030.0,
      115083.0,
      121050.0
    ]
  },
  "per_layer": {
    "1": {
      "experts_used": 256,
      "coverage": 1.0,
      "max_expert_share": 0.060807333547764554,
      "gini_load": 0.4851141415475807,
      "normalized_entropy": 0.9210831558678206,
      "effective_experts": 165.2681886929617,
      "top5_experts": [
        62,
        50,
        168,
        144,
        142
      ],
      "dead_experts": 0
    },
    "2": {
      "experts_used": 255,
      "coverage": 0.99609375,
      "max_expert_share": 0.02795800211367918,
      "gini_load": 0.5085272129014842,
      "normalized_entropy": 0.9175654964412351,
      "effective_experts": 162.07569751356,
      "top5_experts": [
        10,
        0,
        38,
        40,
        35
      ],
      "dead_experts": 1
    },
    "3": {
      "experts_used": 256,
      "coverage": 1.0,
      "max_expert_share": 0.03913522951798925,
      "gini_load": 0.45969052620847306,
      "normalized_entropy": 0.9297994419270605,
      "effective_experts": 173.45234503346384,
      "top5_experts": [
        92,
        179,
        66,
        13,
        213
      ],
      "dead_experts": 0
    },
    "4": {
      "experts_used": 256,
      "coverage": 1.0,
      "max_expert_share": 0.11568602674263659,
      "gini_load": 0.575879853061963,
      "normalized_entropy": 0.8569257917085772,
      "effective_experts": 115.79316876998398,
      "top5_experts": [
        95,
        132,
        124,
        13,
        168
      ],
      "dead_experts": 0
    },
    "5": {
      "experts_used": 256,
      "coverage": 1.0,
      "max_expert_share": 0.08558447824288931,
      "gini_load": 0.5390767605138308,
      "normalized_entropy": 0.8879855936489816,
      "effective_experts": 137.55690484692914,
      "top5_experts": [
        205,
        131,
        129,
        189,
        176
      ],
      "dead_experts": 0
    },
    "6": {
      "experts_used": 255,
      "coverage": 0.99609375,
      "max_expert_share": 0.11677158479988972,
      "gini_load": 0.5978085565954832,
      "normalized_entropy": 0.8618914524121002,
      "effective_experts": 119.02589107503844,
      "top5_experts": [
        66,
        251,
        198,
        22,
        254
      ],
      "dead_experts": 1
    },
    "7": {
      "experts_used": 254,
      "coverage": 0.9921875,
      "max_expert_share": 0.10951615126591004,
      "gini_load": 0.6204378740580343,
      "normalized_entropy": 0.8415559066253266,
      "effective_experts": 106.33312253521345,
      "top5_experts": [
        57,
        84,
        82,
        61,
        53
      ],
      "dead_experts": 2
    },
    "8": {
      "experts_used": 255,
      "coverage": 0.99609375,
      "max_expert_share": 0.10812962367320682,
      "gini_load": 0.6130768911828562,
      "normalized_entropy": 0.8565499264391614,
      "effective_experts": 115.55207939187986,