{
  "label": "magicoder",
  "dataset": "ise-uiuc/Magicoder-Evol-Instruct-110K",
  "kind": "Multi-lang (NL instruction)",
  "config": {
    "num_experts": 256,
    "top_k": 8,
    "sparse_layers": 39,
    "seq_len": 1024
  },
  "corpus": {
    "docs": 300,
    "total_tokens": 47874
  },
  "global": {
    "experts_ever_used": 256,
    "global_coverage": 1.0,
    "mean_coverage_per_layer": 0.9993990384615384,
    "mean_gini_per_layer": 0.42456847643784884,
    "mean_effective_experts": 183.06874339749206,
    "mean_normalized_entropy": 0.9387408571701658,
    "global_top_experts": [
      63,
      160,
      70,
      2,
      200,
      164,
      79,
      107,
      10,
      193,
      117,
      243,
      215,
      166,
      0
    ],
    "global_top_loads": [
      92775.0,
      91067.0,
      90918.0,
      88577.0,
      83860.0,
      83549.0,
      80936.0,
      77626.0,
      77532.0,
      77394.0,
      77211.0,
      77126.0,
      75450.0,
      75448.0,
      75418.0
    ],
    "global_expert_load": [
      75418.0,
      67082.0,
      88577.0,
      60482.0,
      57756.0,
      64134.0,
      67042.0,
      57450.0,
      72078.0,
      56204.0,
      77532.0,
      61793.0,
      43749.0,
      48206.0,
      54562.0,
      64208.0,
      58776.0,
      62898.0,
      63681.0,
      53949.0,
      57997.0,
      51472.0,
      53901.0,
      60622.0,
      38782.0,
      57963.0,
      59212.0,
      49846.0,
      59307.0,
      64416.0,
      46260.0,
      56198.0,
      61412.0,
      51108.0,
      62067.0,
      67921.0,
      49273.0,
      61332.0,
      55349.0,
      72264.0,
      53148.0,
      68827.0,
      67398.0,
      66644.0,
      48427.0,
      55414.0,
      55670.0,
      68589.0,
      64689.0,
      48695.0,
      54453.0,
      57430.0,
      68023.0,
      64566.0,
      51131.0,
      53387.0,
      47367.0,
      45254.0,
      43941.0,
      43834.0,
      56677.0,
      66048.0,
      50301.0,
      92775.0,
      61592.0,
      52921.0,
      57700.0,
      50599.0,
      60344.0,
      42049.0,
      90918.0,
      60387.0,
      55059.0,
      59859.0,
      60349.0,
      64919.0,
      59850.0,
      51190.0,
      61249.0,
      80936.0,
      54329.0,
      58780.0,
      58131.0,
      57389.0,
      65871.0,
      47057.0,
      56098.0,
      72343.0,
      62048.0,
      70420.0,
      48112.0,
      49159.0,
      54557.0,
      57473.0,
      54038.0,
      56555.0,
      46396.0,
      65989.0,
      50993.0,
      67447.0,
      50468.0,
      58632.0,
      43794.0,
      66315.0,
      45714.0,
      45619.0,
      47661.0,
      77626.0,
      46674.0,
      51431.0,
      61637.0,
      66996.0,
      56384.0,
      51374.0,
      73623.0,
      61272.0,
      59805.0,
      77211.0,
      43213.0,
      56293.0,
      61430.0,
      56480.0,
      48923.0,
      69729.0,
      60558.0,
      67094.0,
      66200.0,
      57016.0,
      58221.0,
      53694.0,
      64888.0,
      53544.0,
      65266.0,
      53016.0,
      61973.0,
      50521.0,
      64338.0,
      62105.0,
      62463.0,
      53239.0,
      48510.0,
      40296.0,
      52876.0,
      74342.0,
      60658.0,
      54765.0,
      59021.0,
      41312.0,
      52686.0,
      67031.0,
      55580.0,
      47910.0,
      66116.0,
      58907.0,
      57194.0,
      51424.0,
      42502.0,
      43821.0,
      57593.0,
      69470.0,
      91067.0,
      66511.0,
      51722.0,
      61349.0,
      83549.0,
      42612.0,
      75448.0,
      55071.0,
      52948.0,
      62493.0,
      62666.0,
      52149.0,
      56409.0,
      63939.0,
      55276.0,
      61974.0,
      67532.0,
      70722.0,
      62710.0,
      62178.0,
      39629.0,
      56938.0,
      40137.0,
      58339.0,
      69437.0,
      54652.0,
      61143.0,
      53381.0,
      51667.0,
      54203.0,
      51078.0,
      50531.0,
      66151.0,
      77394.0,
      67287.0,
      60116.0,
      52309.0,
      60289.0,
      51584.0,
      53552.0,
      83860.0,
      49559.0,
      52022.0,
      58020.0,
      44500.0,
      63561.0,
      60860.0,
      60351.0,
      66170.0,
      54624.0,
      64987.0,
      42919.0,
      68240.0,
      52269.0,
      48786.0,
      75450.0,
      56089.0,
      64222.0,
      65977.0,
      42717.0,
      68822.0,
      52607.0,
      67308.0,
      51412.0,
      54675.0,
      66371.0,
      62913.0,
      44817.0,
      69670.0,
      55108.0,
      54312.0,
      64276.0,
      36942.0,
      52445.0,
      50632.0,
      64697.0,
      52594.0,
      55716.0,
      65873.0,
      49578.0,
      65086.0,
      61309.0,
      46389.0,
      77126.0,
      55559.0,
      39396.0,
      52549.0,
      66029.0,
      48357.0,
      49166.0,
      49402.0,
      61489.0,
      50285.0,
      59657.0,
      50586.0,
      57683.0
    ]
  },
  "per_layer": {
    "1": {
      "experts_used": 256,
      "coverage": 1.0,
      "max_expert_share": 0.020752391694865688,
      "gini_load": 0.3503131674421398,
      "normalized_entropy": 0.9624429111636995,
      "effective_experts": 207.8707978641284,
      "top5_experts": [
        6,
        107,
        17,
        215,
        144
      ],
      "dead_experts": 0
    },
    "2": {
      "experts_used": 256,
      "coverage": 1.0,
      "max_expert_share": 0.023627125370764925,
      "gini_load": 0.3502694328471613,
      "normalized_entropy": 0.9591315230406322,
      "effective_experts": 204.08865603690916,
      "top5_experts": [
        161,
        16,
        194,
        89,
        166
      ],
      "dead_experts": 0
    },
    "3": {
      "experts_used": 256,
      "coverage": 1.0,
      "max_expert_share": 0.030452333208004344,
      "gini_load": 0.3341671260431027,
      "normalized_entropy": 0.9633994026955147,
      "effective_experts": 208.97625599932732,
      "top5_experts": [
        114,
        34,
        123,
        179,
        184
      ],
      "dead_experts": 0
    },
    "4": {
      "experts_used": 256,
      "coverage": 1.0,
      "max_expert_share": 0.029141600868947654,
      "gini_load": 0.380023583227587,
      "normalized_entropy": 0.950854507175447,
      "effective_experts": 194.9332059256421,
      "top5_experts": [
        47,
        240,
        67,
        38,
        42
      ],
      "dead_experts": 0
    },
    "5": {
      "experts_used": 256,
      "coverage": 1.0,
      "max_expert_share": 0.028705560429460666,
      "gini_load": 0.3540057421238564,
      "normalized_entropy": 0.9591591298162316,
      "effective_experts": 204.11990123203893,
      "top5_experts": [
        177,
        84,
        140,
        125,
        78
      ],
      "dead_experts": 0
    },
    "6": {
      "experts_used": 256,
      "coverage": 1.0,
      "max_expert_share": 0.043718928854910806,
      "gini_load": 0.3924244011624264,
      "normalized_entropy": 0.9487546481494189,
      "effective_experts": 192.67654980671736,
      "top5_experts": [
        0,
        112,
        217,
        89,
        143
      ],
      "dead_experts": 0
    },
    "7": {
      "experts_used": 256,
      "coverage": 1.0,
      "max_expert_share": 0.029776078873710157,
      "gini_load": 0.41766738110717716,
      "normalized_entropy": 0.943194678324697,
      "effective_experts": 186.82677600106408,
      "top5_experts": [
        29,
        77,
        15,
        52,
        207
      ],
      "dead_experts": 0
    },
    "8": {
      "experts_used": 256,
      "coverage": 1.0,
      "max_expert_share": 0.022501775494005095,
      "gini_load": 0.4104376486649852,
      "normalized_entropy": 0.9477059520850192,
      "effective_experts": 191.55934755282138,
      "top5_experts": [
        3,
        6,
        70,
        128,
        152
      ],
      "dead_experts": 0
    },
    "9": {
      "experts_used": 256,
      "coverage": 1.0,
      "max_expert_share": 0.025629778167690187,
      "gini_load": 0.37025381731211093,