{
  "label": "opencodeinstruct",
  "dataset": "nvidia/OpenCodeInstruct",
  "kind": "Python (NL instruction)",
  "config": {
    "num_experts": 256,
    "top_k": 8,
    "sparse_layers": 39,
    "seq_len": 1024
  },
  "corpus": {
    "docs": 300,
    "total_tokens": 66590
  },
  "global": {
    "experts_ever_used": 256,
    "global_coverage": 1.0,
    "mean_coverage_per_layer": 0.9962940705128205,
    "mean_gini_per_layer": 0.5397184759769408,
    "mean_effective_experts": 144.59915719829954,
    "mean_normalized_entropy": 0.8939990398112752,
    "global_top_experts": [
      63,
      70,
      160,
      47,
      159,
      200,
      2,
      117,
      235,
      87,
      205,
      89,
      5,
      107,
      153
    ],
    "global_top_loads": [
      186607.0,
      177720.0,
      141260.0,
      140842.0,
      134730.0,
      134034.0,
      131247.0,
      127660.0,
      125095.0,
      121165.0,
      118683.0,
      117974.0,
      116405.0,
      116262.0,
      115914.0
    ],
    "global_expert_load": [
      108401.0,
      78648.0,
      131247.0,
      99678.0,
      96148.0,
      116405.0,
      107017.0,
      93259.0,
      112815.0,
      83106.0,
      95297.0,
      84978.0,
      56696.0,
      75439.0,
      86782.0,
      82612.0,
      71261.0,
      114088.0,
      79401.0,
      95847.0,
      62917.0,
      90766.0,
      71355.0,
      115366.0,
      52094.0,
      79216.0,
      86056.0,
      61802.0,
      69528.0,
      111871.0,
      70039.0,
      65039.0,
      70764.0,
      82461.0,
      66709.0,
      69553.0,
      76406.0,
      70916.0,
      73842.0,
      103276.0,
      73944.0,
      73176.0,
      86284.0,
      78760.0,
      74787.0,
      85247.0,
      74244.0,
      140842.0,
      91764.0,
      52013.0,
      63217.0,
      69584.0,
      69710.0,
      85403.0,
      85263.0,
      57751.0,
      78144.0,
      62317.0,
      65306.0,
      60555.0,
      67981.0,
      111347.0,
      72679.0,
      186607.0,
      105853.0,
      77321.0,
      76229.0,
      100159.0,
      70470.0,
      68258.0,
      177720.0,
      114668.0,
      88906.0,
      108093.0,
      79486.0,
      88368.0,
      65860.0,
      54088.0,
      58967.0,
      106180.0,
      69323.0,
      79789.0,
      68930.0,
      62830.0,
      85882.0,
      77260.0,
      65256.0,
      121165.0,
      83343.0,
      117974.0,
      60649.0,
      83074.0,
      52490.0,
      87500.0,
      62492.0,
      71122.0,
      52442.0,
      89970.0,
      60507.0,
      78662.0,
      71560.0,
      62397.0,
      64452.0,
      88501.0,
      68391.0,
      76559.0,
      66865.0,
      116262.0,
      67593.0,
      60853.0,
      89630.0,
      83271.0,
      81128.0,
      73959.0,
      104945.0,
      79875.0,
      105495.0,
      127660.0,
      63880.0,
      82652.0,
      87552.0,
      93780.0,
      67225.0,
      95863.0,
      80178.0,
      81908.0,
      60216.0,
      57742.0,
      78491.0,
      107466.0,
      73398.0,
      60121.0,
      99624.0,
      64617.0,
      74320.0,
      73220.0,
      107271.0,
      59275.0,
      65254.0,
      90221.0,
      61320.0,
      59158.0,
      90218.0,
      105481.0,
      80552.0,
      76696.0,
      92647.0,
      49090.0,
      57727.0,
      56398.0,
      96146.0,
      75655.0,
      70910.0,
      115914.0,
      84886.0,
      75425.0,
      59953.0,
      61093.0,
      70103.0,
      134730.0,
      141260.0,
      45115.0,
      62739.0,
      95840.0,
      103822.0,
      62711.0,
      97666.0,
      88637.0,
      74411.0,
      79250.0,
      75545.0,
      81709.0,
      65060.0,
      70540.0,
      70170.0,
      65640.0,
      79103.0,
      79032.0,
      49952.0,
      71675.0,
      53569.0,
      83192.0,
      45635.0,
      84022.0,
      63862.0,
      86496.0,
      59761.0,
      89980.0,
      66892.0,
      63942.0,
      82416.0,
      105035.0,
      87579.0,
      100731.0,
      67732.0,
      67818.0,
      93193.0,
      93663.0,
      77762.0,
      63653.0,
      134034.0,
      78044.0,
      86064.0,
      94492.0,
      49940.0,
      118683.0,
      97784.0,
      74871.0,
      91741.0,
      58867.0,
      87810.0,
      59844.0,
      104357.0,
      68683.0,
      75283.0,
      78114.0,
      60476.0,
      83277.0,
      107035.0,
      87643.0,
      77566.0,
      64167.0,
      109267.0,
      47575.0,
      87133.0,
      84498.0,
      75664.0,
      53652.0,
      76649.0,
      82408.0,
      80244.0,
      72638.0,
      51521.0,
      72181.0,
      60537.0,
      125095.0,
      89191.0,
      101801.0,
      96889.0,
      63815.0,
      82332.0,
      69531.0,
      61754.0,
      87484.0,
      72292.0,
      59871.0,
      94965.0,
      90721.0,
      64062.0,
      79689.0,
      76395.0,
      100779.0,
      102265.0,
      77520.0,
      69807.0,
      75186.0
    ]
  },
  "per_layer": {
    "1": {
      "experts_used": 256,
      "coverage": 1.0,
      "max_expert_share": 0.06699016368824148,
      "gini_load": 0.4263688740097987,
      "normalized_entropy": 0.9340639598285866,
      "effective_experts": 177.60294306678279,
      "top5_experts": [
        17,
        102,
        192,
        142,
        87
      ],
      "dead_experts": 0
    },
    "2": {
      "experts_used": 256,
      "coverage": 1.0,
      "max_expert_share": 0.015518471241928218,
      "gini_load": 0.36767887562884816,
      "normalized_entropy": 0.9599638828040422,
      "effective_experts": 205.03282134396147,
      "top5_experts": [
        168,
        94,
        89,
        93,
        100
      ],
      "dead_experts": 0
    },
    "3": {
      "experts_used": 256,
      "coverage": 1.0,
      "max_expert_share": 0.0641594083195675,
      "gini_load": 0.3765134592281123,
      "normalized_entropy": 0.9458643813379646,
      "effective_experts": 189.61312894838025,
      "top5_experts": [
        114,
        113,
        106,
        110,
        185
      ],
      "dead_experts": 0
    },
    "4": {
      "experts_used": 256,
      "coverage": 1.0,
      "max_expert_share": 0.059002853281273464,
      "gini_load": 0.4704718385127271,
      "normalized_entropy": 0.9136059674267749,
      "effective_experts": 158.55589860296337,
      "top5_experts": [
        67,
        47,
        42,
        22,
        247
      ],
      "dead_experts": 0
    },
    "5": {
      "experts_used": 255,
      "coverage": 0.99609375,
      "max_expert_share": 0.045494819041898185,
      "gini_load": 0.4506208409201832,
      "normalized_entropy": 0.92706570340937,
      "effective_experts": 170.84279874480978,
      "top5_experts": [
        177,
        7,
        153,
        106,
        185
      ],
      "dead_experts": 1
    },
    "6": {
      "experts_used": 256,
      "coverage": 1.0,
      "max_expert_share": 0.07842393752815738,
      "gini_load": 0.4895018431352305,
      "normalized_entropy": 0.9111913566140647,
      "effective_experts": 156.4470725641126,
      "top5_experts": [
        0,
        112,
        8,
        38,
        120
      ],
      "dead_experts": 0
    },
    "7": {
      "experts_used": 256,
      "coverage": 1.0,
      "max_expert_share": 0.06824222856284727,
      "gini_load": 0.5037614594674501,
      "normalized_entropy": 0.9069920610999758,
      "effective_experts": 152.8461591106851,
      "top5_experts": [
        29,
        70,
        117,
        73,
        218
      ],
      "dead_experts": 0
    },
    "8": {
      "experts_used": 256,
      "coverage": 1.0,
      "max_expert_share": 0.057692596485958855,
      "gini_load": 0.5142190374399309,
      "normalized_entropy": 0.9027379784556161,
      "effective_experts": 149.28276757357142,
      "top5_experts": [
        3,
        6,
        255,
        219,
        104
      ],
      "dead_experts": 0
    },
    "9": {
      "experts_used": 256,
      "coverage": 1.0,
      "max_expert_share": 0.024414326475446765,