{
  "label": "swebench_lite",
  "dataset": "princeton-nlp/SWE-bench_Lite",
  "kind": "Repo issues (NL problem statement)",
  "config": {
    "num_experts": 256,
    "top_k": 8,
    "sparse_layers": 39,
    "seq_len": 1024
  },
  "corpus": {
    "docs": 300,
    "total_tokens": 115888
  },
  "global": {
    "experts_ever_used": 256,
    "global_coverage": 1.0,
    "mean_coverage_per_layer": 0.9986979166666666,
    "mean_gini_per_layer": 0.4942650139729989,
    "mean_effective_experts": 162.6853991370049,
    "mean_normalized_entropy": 0.917215877488643,
    "global_top_experts": [
      76,
      205,
      228,
      18,
      117,
      180,
      107,
      52,
      87,
      251,
      131,
      97,
      160,
      59,
      2
    ],
    "global_top_loads": [
      258062.0,
      238603.0,
      234223.0,
      218971.0,
      208921.0,
      206989.0,
      204503.0,
      199517.0,
      197784.0,
      196416.0,
      195203.0,
      194289.0,
      194068.0,
      192557.0,
      190953.0
    ],
    "global_expert_load": [
      128442.0,
      114781.0,
      190953.0,
      137594.0,
      118985.0,
      134885.0,
      142172.0,
      115730.0,
      170272.0,
      130884.0,
      148982.0,
      144847.0,
      130964.0,
      139941.0,
      112970.0,
      108103.0,
      152316.0,
      116469.0,
      218971.0,
      145415.0,
      142055.0,
      134654.0,
      161644.0,
      173424.0,
      99461.0,
      129990.0,
      141053.0,
      163721.0,
      146326.0,
      167476.0,
      87035.0,
      138101.0,
      138803.0,
      98443.0,
      121875.0,
      185251.0,
      158254.0,
      167249.0,
      130364.0,
      158622.0,
      135604.0,
      133611.0,
      114625.0,
      147897.0,
      140537.0,
      159970.0,
      108792.0,
      137553.0,
      132058.0,
      125920.0,
      118273.0,
      158420.0,
      199517.0,
      133528.0,
      132810.0,
      114186.0,
      158659.0,
      105265.0,
      123345.0,
      192557.0,
      128196.0,
      121536.0,
      155958.0,
      156032.0,
      139682.0,
      130723.0,
      184614.0,
      83273.0,
      134345.0,
      120419.0,
      140227.0,
      180548.0,
      144776.0,
      157002.0,
      135248.0,
      174294.0,
      258062.0,
      101320.0,
      183361.0,
      145516.0,
      159271.0,
      145026.0,
      121002.0,
      110236.0,
      176284.0,
      112016.0,
      151932.0,
      197784.0,
      144816.0,
      140597.0,
      125423.0,
      162992.0,
      174428.0,
      166109.0,
      136682.0,
      119434.0,
      107217.0,
      194289.0,
      117191.0,
      166143.0,
      120372.0,
      88292.0,
      97807.0,
      137898.0,
      124012.0,
      95505.0,
      153864.0,
      204503.0,
      122945.0,
      122369.0,
      175429.0,
      151522.0,
      176195.0,
      152718.0,
      154746.0,
      132126.0,
      165499.0,
      208921.0,
      119951.0,
      139370.0,
      161976.0,
      127513.0,
      132857.0,
      163337.0,
      168844.0,
      156784.0,
      178912.0,
      164622.0,
      180685.0,
      133066.0,
      170224.0,
      195203.0,
      164949.0,
      123015.0,
      161393.0,
      106295.0,
      163776.0,
      131179.0,
      126052.0,
      128254.0,
      135233.0,
      128614.0,
      131567.0,
      132619.0,
      173984.0,
      164069.0,
      145503.0,
      93577.0,
      98640.0,
      120255.0,
      158258.0,
      123692.0,
      114880.0,
      114674.0,
      134493.0,
      136855.0,
      158332.0,
      114891.0,
      187825.0,
      137924.0,
      194068.0,
      113551.0,
      175126.0,
      125016.0,
      109379.0,
      136465.0,
      176025.0,
      134482.0,
      158434.0,
      99684.0,
      125120.0,
      105818.0,
      88683.0,
      159121.0,
      165585.0,
      103789.0,
      168321.0,
      123797.0,
      116807.0,
      149654.0,
      206989.0,
      138410.0,
      99291.0,
      116081.0,
      124714.0,
      129704.0,
      109447.0,
      140095.0,
      145200.0,
      143782.0,
      125013.0,
      125200.0,
      151704.0,
      136080.0,
      133157.0,
      99718.0,
      179656.0,
      149643.0,
      141387.0,
      143887.0,
      104329.0,
      129348.0,
      162709.0,
      175160.0,
      120277.0,
      238603.0,
      131817.0,
      137360.0,
      111812.0,
      120120.0,
      108257.0,
      153929.0,
      114670.0,
      131743.0,
      115476.0,
      169478.0,
      129482.0,
      137616.0,
      128878.0,
      120746.0,
      118288.0,
      126296.0,
      170264.0,
      123542.0,
      124599.0,
      126868.0,
      109361.0,
      128582.0,
      234223.0,
      142025.0,
      138756.0,
      102835.0,
      87612.0,
      152533.0,
      151314.0,
      124065.0,
      137376.0,
      113650.0,
      161899.0,
      174445.0,
      117764.0,
      136202.0,
      108799.0,
      173996.0,
      154023.0,
      115203.0,
      150911.0,
      165724.0,
      122558.0,
      123793.0,
      150153.0,
      196416.0,
      153347.0,
      124354.0,
      165231.0,
      126683.0
    ]
  },
  "per_layer": {
    "1": {
      "experts_used": 256,
      "coverage": 1.0,
      "max_expert_share": 0.024776076901836256,
      "gini_load": 0.3733963419287373,
      "normalized_entropy": 0.9566243004947844,
      "effective_experts": 201.27084608084192,
      "top5_experts": [
        62,
        34,
        192,
        8,
        53
      ],
      "dead_experts": 0
    },
    "2": {
      "experts_used": 256,
      "coverage": 1.0,
      "max_expert_share": 0.0333813682175894,
      "gini_load": 0.41172625151816844,
      "normalized_entropy": 0.9458325907406817,
      "effective_experts": 189.5797060382385,
      "top5_experts": [
        228,
        40,
        52,
        224,
        204
      ],
      "dead_experts": 0
    },
    "3": {
      "experts_used": 256,
      "coverage": 1.0,
      "max_expert_share": 0.024795492199364905,
      "gini_load": 0.3506936822891499,
      "normalized_entropy": 0.9607462515380879,
      "effective_experts": 205.92426259830606,
      "top5_experts": [
        92,
        251,
        179,
        184,
        164
      ],
      "dead_experts": 0
    },
    "4": {
      "experts_used": 256,
      "coverage": 1.0,
      "max_expert_share": 0.06745090086980533,
      "gini_load": 0.4517493621265791,
      "normalized_entropy": 0.9211209912923167,
      "effective_experts": 165.30286628119953,
      "top5_experts": [
        76,
        124,
        181,
        37,
        19
      ],
      "dead_experts": 0
    },
    "5": {
      "experts_used": 256,
      "coverage": 1.0,
      "max_expert_share": 0.038915806640894654,
      "gini_load": 0.44496908349818354,
      "normalized_entropy": 0.9319882830551522,
      "effective_experts": 175.5704533110092,
      "top5_experts": [
        140,
        106,
        78,
        66,
        160
      ],
      "dead_experts": 0
    },
    "6": {
      "experts_used": 256,
      "coverage": 1.0,
      "max_expert_share": 0.04694403216899075,
      "gini_load": 0.4382891256671312,
      "normalized_entropy": 0.9338893632567781,
      "effective_experts": 177.4310766192975,
      "top5_experts": [
        205,
        120,
        2,
        76,
        91
      ],
      "dead_experts": 0
    },
    "7": {
      "experts_used": 256,
      "coverage": 1.0,
      "max_expert_share": 0.03075922442358139,
      "gini_load": 0.44748767061192707,
      "normalized_entropy": 0.9352734500628843,
      "effective_experts": 178.7981006123022,
      "top5_experts": [
        174,
        117,
        127,
        81,
        246
      ],
      "dead_experts": 0
    },
    "8": {
      "experts_used": 256,
      "coverage": 1.0,
      "max_expert_share": 0.052179690735882925,
      "gini_load": 0.47240267980992423,
      "normalized_entropy": 0.922333445907918,
      "effective_experts": 166.41798750599466,